[{"0":"DAY \n\/ \nTIME","1":"8.00-\n8.55","2":"8.55-\n9.50","3":"10.10-\n11.05","4":"11.05-\n12.00","5":"12.00-\n12.55","6":"12.55-\n1.50","7":"2.10-\n3.05","8":"3.05-\n4.00","9":"4.10-\n5.05","10":"5.05-\n6.00"},{"0":"MON","1":"Elective  \nCyber-security","2":"","3":"","4":"Placement Class \nLT-202","5":"","6":"XCS 601 \nAS \nLT-301","7":"","8":"","9":"Elective  \nG. A.I. \nLT-201","10":""},{"0":"TUE","1":"TCS \n693 \nLT 201","2":"XCS \n601 \nPA \nLT 302","3":"TCS 604 \nLT 302","4":"","5":"","6":"","7":"Elective  \nDevops (CR-\n204) \/ A.I. \nLAB (UL-I)","8":"","9":"","10":""},{"0":"WED","1":"TCS \n693 \nLT 201","2":"","3":"","4":"Placement Class \nLT-202","5":"","6":"","7":"","8":"","9":"","10":""},{"0":"THU","1":"","2":"TCS \n693 \nLT 301","3":"TCS 604 \nLT 302","4":"","5":"","6":"","7":"","8":"","9":"","10":""},{"0":"FRI","1":"","2":"","3":"TCS 604 \nLT 302","4":"","5":"","6":"","7":"","8":"","9":"","10":""}]