[{"0":"DAY \n\/ \nTIME","1":"8.00-\n8.55","2":"8.55-\n9.50","3":"10.10-\n11.05","4":"11.05-\n12.00","5":"12.00-\n12.55","6":"12.55-\n1.50","7":"2.10-\n3.05","8":"3.05-\n4.00","9":"4.10-\n5.05","10":"5.05-\n6.00"},{"0":"MON","1":"","2":"","3":"","4":"","5":"","6":"TCS 693 \nLT-401","7":"XCS \n601 \nAC \nLT-\n401","8":"TCS \n604 \nLT-\n302","9":"Elective \nG. A.I. \n(LT-201)","10":""},{"0":"TUE","1":"","2":"","3":"","4":"Placement Class","5":"","6":"","7":"","8":"","9":"","10":""},{"0":"WED","1":"TCS \n604 \nLT-302","2":"TCS \n601 \nLT-302","3":"TCS 693 \nLT-401","4":"","5":"","6":"","7":"","8":"","9":"","10":""},{"0":"THU","1":"XCS \n601 \nAS \nLT-302","2":"TCS \n693 \nLT-302","3":"TCS 601 \nLT-301","4":"Placement Class","5":"","6":"","7":"","8":"","9":"","10":""},{"0":"FRI","1":"Elective \nDevops (CR-\n207), Cyber-\nsecurity  (LT-\n302)","2":"","3":"TCS 601 \nLT-301","4":"TCS \n604 \nLT-\n302","5":"AI LAB \nUBUNTU LAB-1","6":"","7":"","8":"","9":"","10":""}]