[{"0":"DAY \n\/ \nTIME","1":"8.00-\n8.55","2":"8.55-\n9.50","3":"10.10-\n11.05","4":"11.05-\n12.00","5":"12.00-\n12.55","6":"12.55-\n1.50","7":"2.10-\n3.05","8":"3.05-\n4.00","9":"4.10-5.05","10":"5.05-6.00"},{"0":"MON","1":"","2":"","3":"","4":"","5":"TCS-\n601 \nLT-\n401","6":"","7":"","8":"","9":"ELECTIVE \nG. A.I. \/ DevOps \nLT-201 \/ \nCR-204","10":""},{"0":"TUE","1":"","2":"","3":"","4":"PLACEMENT","5":"","6":"","7":"TCS-\n604 \nCR-\n207","8":"TCS-\n693 \nCR-\n207","9":"XCS-601 \nAC \nCR-207","10":""},{"0":"WED","1":"","2":"","3":"","4":"ELECTIVE \nCS \nLT-302","5":"","6":"TCS-\n604 \nCR-\n207","7":"TCS-\n601 \nLT-\n401","8":"TCS-\n693 \nLT-\n401","9":"","10":""},{"0":"THU","1":"","2":"","3":"","4":"PLACEMENT","5":"","6":"XCS-\n601 \nAS \nCR-\n207","7":"","8":"TCS-\n693 \nLT-\n401","9":"","10":""},{"0":"FRI","1":"","2":"","3":"","4":"TCS-601 \nLT-401","5":"A.I. LAB \nUL-I","6":"","7":"","8":"TCS-\n604 \nLT-\n401","9":"","10":""}]