[{"0":"DAY \n\/ \nTIME","1":"8.00-\n8.55","2":"8.55-\n9.50","3":"10.10-\n11.05","4":"11.05-\n12.00","5":"12.00-\n12.55","6":"12.55-\n1.50","7":"2.10-\n3.05","8":"3.05-\n4.00","9":"4.10-\n5.05","10":"5.05-\n6.00"},{"0":"MON","1":"TCS \n693 \nCR-\n203","2":"","3":"","4":"TCS-604 \nCR-204","5":"TCS-\n601 \nLT-301","6":"","7":"","8":"","9":"Elective  \nDevops (CR-\n204) \/ G. A.I. \n(LT-201)","10":""},{"0":"TUE","1":"","2":"","3":"TCS-\n604 \nCR-203","4":"Placement","5":"","6":"","7":"","8":"","9":"","10":""},{"0":"WED","1":"","2":"","3":"TCS- \n601 \nLT-301","4":"Elective  \nCS \nLT-302","5":"","6":"","7":"","8":"","9":"","10":""},{"0":"THU","1":"TCS- \n601 \nLT-\n301","2":"TCS- \n604 \nCR-\n207","3":"TCS- \n693 \nCR-207","4":"Placement","5":"","6":"","7":"","8":"","9":"","10":""},{"0":"FRI","1":"","2":"","3":"","4":"","5":"A.I. LAB \nUL-I","6":"","7":"","8":"XCS-\n601 \nN.K \nCR-\n207","9":"XCS-\n601 \nA.C \nCR-\n207","10":"TCS \n693 \nCR-\n202"}]