[{"0":"S\nUBJECT CODE","1":"NAME OF THE SUBJECT","2":"NAME OF FACULTY"},{"0":"TCS 601","1":"COMPILER DESIGN","2":"MS. HIMADRI"},{"0":"TCS 604","1":"COMPUTER NETWORKS  I","2":"MS. RICHA"},{"0":"TCS 693","1":"FULL STACK WEB DEVELOPMENT","2":"MR. SAMIR"},{"0":"","1":"DEVOPS ON CLOUD\/ GEN. A.I. \/ \nNETWORK AND SYSTEM SECURITY  \/ \nVIRTUAL REALITY","2":"MS. LISA GOPAL \/ \/ \nMR SAUMITRA \/"},{"0":"XCS 601","1":"CAREER SKILLS","2":""},{"0":"","1":"","2":""},{"0":"PCS 601","1":"COMPILER DESIGN LAB","2":""},{"0":"PCS 611","1":"SOFTWARE ENGINEERING  LAB","2":""},{"0":"PCS 693","1":"FULL STACK WEB LAB","2":""},{"0":"PXCS601","1":"CAREER SKILLS LAB","2":""},{"0":"CLASS \nCOORDINATOR","1":"","2":""}]