[{"0":"DAY \n\/ \nTIME","1":"8.00-\n8.55","2":"8.55-\n9.50","3":"10.10-\n11.05","4":"11.05-\n12.00","5":"12.00-\n12.55","6":"12.55-\n1.50","7":"2.10-\n3.05","8":"3.05-\n4.00","9":"4.10-5.05","10":"5.05-\n6.00"},{"0":"MON","1":"","2":"","3":"","4":"","5":"TCS-\n693 \nCR-\n207","6":"TCS-\n604 \nCR-207","7":"","8":"","9":"ELECTIVE \nG A.I. \nLT-201","10":""},{"0":"TUE","1":"","2":"","3":"","4":"PLACEMENT","5":"","6":"XCS-\n601 \nAC \nCR-207","7":"A.I. LAB \nUL-I","8":"","9":"","10":""},{"0":"WED","1":"","2":"","3":"","4":"XCS-\n601 \nAS \nCR-\n204","5":"TCS-\n604 \nCR-\n207","6":"TCS-\n601 \nLT-401","7":"","8":"TCS-\n693 \nCR-\n207","9":"","10":""},{"0":"THU","1":"","2":"","3":"","4":"PLACEMENT","5":"","6":"TCS-\n601 \nLT-302","7":"","8":"","9":"ELECTIVE \nCS\/DEVOPS \nLT-302\/CR-207","10":""},{"0":"FRI","1":"","2":"","3":"","4":"","5":"TCS-\n693 \nCR-\n207","6":"TCS-\n601 \nLT-302","7":"TCS-\n604 \nCR-\n207","8":"","9":"","10":""}]