[{"0":"DAY \n\/ \nTIME","1":"8.00-\n8.55","2":"8.55-\n9.50","3":"10.10-\n11.05","4":"11.05-\n12.00","5":"12.00-\n12.55","6":"12.55-\n1.50","7":"2.10-\n3.05","8":"3.05-\n4.00","9":"4.10-\n5.05","10":"5.05-\n6.00"},{"0":"MON","1":"","2":"","3":"","4":"","5":"","6":"TCS 601 \nLT-202","7":"TCS \n693 \nLT-\n202","8":"","9":"Elective \nDevops (CR-\n204), G. A.I.  \n(LT-201)","10":""},{"0":"TUE","1":"","2":"","3":"","4":"Placement Class","5":"","6":"TCS 601 \nLT-202","7":"","8":"","9":"XCS \n601 \nAS \nLT \n302","10":"TCS \n604 \nLT-\n202"},{"0":"WED","1":"","2":"","3":"","4":"Elective \nCyber-security \nLT-302","5":"","6":"","7":"","8":"","9":"XCS \n601 \nAC \nLT \n302","10":"TCS \n693 \nLT-\n201"},{"0":"THU","1":"","2":"","3":"","4":"Placement Class","5":"","6":"TCS 601 \nLT-202","7":"","8":"","9":"TCS \n604 \nLT-\n202","10":""},{"0":"FRI","1":"","2":"","3":"","4":"","5":"AI LAB \nUBUNTU LAB-1","6":"","7":"TCS \n693 \nLT-\n202","8":"","9":"TCS \n604 \nLT-\n202","10":""}]